<application>
  <component name="CodeVisionSettings">
    <option name="codeVisionGroupToPosition">
      <map>
        <entry key="inheritors" value="Default" />
        <entry key="problems" value="Default" />
        <entry key="references" value="Default" />
        <entry key="vcs.code.vision" value="Default" />
      </map>
    </option>
    <option name="disabledCodeVisionProviderIds">
      <set>
        <option value="inheritors" />
        <option value="problems" />
        <option value="references" />
        <option value="vcs.code.vision" />
      </set>
    </option>
    <option name="enabled" value="false" />
  </component>
  <component name="DeclarativeInlayHintsSettings">
    <option name="providerIdToEnabled">
      <map>
        <entry key="java.implicit.types" value="false" />
        <entry key="java.method.chains" value="false" />
      </map>
    </option>
  </component>
  <component name="EditorSettings">
    <option name="languageBreadcrumbsMap">
      <map>
        <entry key="Groovy" value="true" />
        <entry key="HTML" value="true" />
        <entry key="JAVA" value="true" />
        <entry key="JSON" value="true" />
        <entry key="Markdown" value="false" />
        <entry key="XHTML" value="true" />
        <entry key="XML" value="true" />
        <entry key="kotlin" value="false" />
        <entry key="yaml" value="true" />
      </map>
    </option>
    <option name="SHOW_BREADCRUMBS" value="false" />
  </component>
  <component name="InlayHintsSettings">
    <option name="disabledHintProviderIds">
      <set>
        <option value="Groovy.groovy.implicit.null.argument.hint" />
        <option value="Groovy.groovy.parameters.hints" />
        <option value="Groovy.groovy.variable.type.hints" />
        <option value="JAVA.annotation.hints" />
        <option value="Markdown.MarkdownTableInlayProviderSettingsKey" />
        <option value="kotlin.kotlin.call.chains.hints" />
        <option value="kotlin.kotlin.lambdas.hints" />
        <option value="kotlin.kotlin.references.types.hints" />
        <option value="kotlin.kotlin.values.hints" />
      </set>
    </option>
    <option name="lastViewedProviderKeyId" value="" />
    <settingsMapElement>
      <Groovy.groovy.parameters.hints>
        <Settings>
          <option name="showInferredParameterTypes" value="false" />
          <option name="showTypeParameterList" value="false" />
        </Settings>
      </Groovy.groovy.parameters.hints>
      <kotlin.kotlin.values.hints>
        <Settings>
          <option name="ranges" value="false" />
        </Settings>
      </kotlin.kotlin.values.hints>
      <JAVA.annotation.hints>
        <Settings>
          <option name="showExternal" value="false" />
        </Settings>
      </JAVA.annotation.hints>
      <kotlin.kotlin.lambdas.hints>
        <Settings>
          <option name="implicitReceiversAndParams" value="false" />
          <option name="returnExpressions" value="false" />
        </Settings>
      </kotlin.kotlin.lambdas.hints>
    </settingsMapElement>
  </component>
  <component name="TodoConfiguration">
    <pattern pattern="\btodo\b.*" />
    <pattern pattern="\bfixme\b.*" />
  </component>
</application>