<application>
  <component name="ProjectJdkTable">
    <jdk version="2">
      <name value="17" />
      <type value="JavaSDK" />
      <version value="Azul Zulu version 17.0.6" />
      <homePath value="C:/Program Files/Zulu/zulu-17" />
      <roots>
        <annotationsPath>
          <root type="composite">
            <root url="jar://$APPLICATION_HOME_DIR$/plugins/java/lib/resources/jdkAnnotations.jar!/" type="simple" />
          </root>
        </annotationsPath>
        <classPath>
          <root type="composite">
            <root url="jrt:///home/otto/C:/Program Files/Zulu/zulu-17!/com.azul.crs.client" type="simple" />
            <root url="jrt:///home/otto/C:/Program Files/Zulu/zulu-17!/com.azul.tooling" type="simple" />
            <root url="jrt:///home/otto/C:/Program Files/Zulu/zulu-17!/java.base" type="simple" />
            <root url="jrt:///home/otto/C:/Program Files/Zulu/zulu-17!/java.compiler" type="simple" />
            <root url="jrt:///home/otto/C:/Program Files/Zulu/zulu-17!/java.datatransfer" type="simple" />
            <root url="jrt:///home/otto/C:/Program Files/Zulu/zulu-17!/java.desktop" type="simple" />
            <root url="jrt:///home/otto/C:/Program Files/Zulu/zulu-17!/java.instrument" type="simple" />
            <root url="jrt:///home/otto/C:/Program Files/Zulu/zulu-17!/java.logging" type="simple" />
            <root url="jrt:///home/otto/C:/Program Files/Zulu/zulu-17!/java.management" type="simple" />
            <root url="jrt:///home/otto/C:/Program Files/Zulu/zulu-17!/java.management.rmi" type="simple" />
            <root url="jrt:///home/otto/C:/Program Files/Zulu/zulu-17!/java.naming" type="simple" />
            <root url="jrt:///home/otto/C:/Program Files/Zulu/zulu-17!/java.net.http" type="simple" />
            <root url="jrt:///home/otto/C:/Program Files/Zulu/zulu-17!/java.prefs" type="simple" />
            <root url="jrt:///home/otto/C:/Program Files/Zulu/zulu-17!/java.rmi" type="simple" />
            <root url="jrt:///home/otto/C:/Program Files/Zulu/zulu-17!/java.scripting" type="simple" />
            <root url="jrt:///home/otto/C:/Program Files/Zulu/zulu-17!/java.se" type="simple" />
            <root url="jrt:///home/otto/C:/Program Files/Zulu/zulu-17!/java.security.jgss" type="simple" />
            <root url="jrt:///home/otto/C:/Program Files/Zulu/zulu-17!/java.security.sasl" type="simple" />
            <root url="jrt:///home/otto/C:/Program Files/Zulu/zulu-17!/java.smartcardio" type="simple" />
            <root url="jrt:///home/otto/C:/Program Files/Zulu/zulu-17!/java.sql" type="simple" />
            <root url="jrt:///home/otto/C:/Program Files/Zulu/zulu-17!/java.sql.rowset" type="simple" />
            <root url="jrt:///home/otto/C:/Program Files/Zulu/zulu-17!/java.transaction.xa" type="simple" />
            <root url="jrt:///home/otto/C:/Program Files/Zulu/zulu-17!/java.xml" type="simple" />
            <root url="jrt:///home/otto/C:/Program Files/Zulu/zulu-17!/java.xml.crypto" type="simple" />
            <root url="jrt:///home/otto/C:/Program Files/Zulu/zulu-17!/jdk.accessibility" type="simple" />
            <root url="jrt:///home/otto/C:/Program Files/Zulu/zulu-17!/jdk.attach" type="simple" />
            <root url="jrt:///home/otto/C:/Program Files/Zulu/zulu-17!/jdk.charsets" type="simple" />
            <root url="jrt:///home/otto/C:/Program Files/Zulu/zulu-17!/jdk.compiler" type="simple" />
            <root url="jrt:///home/otto/C:/Program Files/Zulu/zulu-17!/jdk.crypto.cryptoki" type="simple" />
            <root url="jrt:///home/otto/C:/Program Files/Zulu/zulu-17!/jdk.crypto.ec" type="simple" />
            <root url="jrt:///home/otto/C:/Program Files/Zulu/zulu-17!/jdk.crypto.mscapi" type="simple" />
            <root url="jrt:///home/otto/C:/Program Files/Zulu/zulu-17!/jdk.dynalink" type="simple" />
            <root url="jrt:///home/otto/C:/Program Files/Zulu/zulu-17!/jdk.editpad" type="simple" />
            <root url="jrt:///home/otto/C:/Program Files/Zulu/zulu-17!/jdk.hotspot.agent" type="simple" />
            <root url="jrt:///home/otto/C:/Program Files/Zulu/zulu-17!/jdk.httpserver" type="simple" />
            <root url="jrt:///home/otto/C:/Program Files/Zulu/zulu-17!/jdk.incubator.foreign" type="simple" />
            <root url="jrt:///home/otto/C:/Program Files/Zulu/zulu-17!/jdk.incubator.vector" type="simple" />
            <root url="jrt:///home/otto/C:/Program Files/Zulu/zulu-17!/jdk.internal.ed" type="simple" />
            <root url="jrt:///home/otto/C:/Program Files/Zulu/zulu-17!/jdk.internal.jvmstat" type="simple" />
            <root url="jrt:///home/otto/C:/Program Files/Zulu/zulu-17!/jdk.internal.le" type="simple" />
            <root url="jrt:///home/otto/C:/Program Files/Zulu/zulu-17!/jdk.internal.opt" type="simple" />
            <root url="jrt:///home/otto/C:/Program Files/Zulu/zulu-17!/jdk.internal.vm.ci" type="simple" />
            <root url="jrt:///home/otto/C:/Program Files/Zulu/zulu-17!/jdk.internal.vm.compiler" type="simple" />
            <root url="jrt:///home/otto/C:/Program Files/Zulu/zulu-17!/jdk.internal.vm.compiler.management" type="simple" />
            <root url="jrt:///home/otto/C:/Program Files/Zulu/zulu-17!/jdk.jartool" type="simple" />
            <root url="jrt:///home/otto/C:/Program Files/Zulu/zulu-17!/jdk.javadoc" type="simple" />
            <root url="jrt:///home/otto/C:/Program Files/Zulu/zulu-17!/jdk.jcmd" type="simple" />
            <root url="jrt:///home/otto/C:/Program Files/Zulu/zulu-17!/jdk.jconsole" type="simple" />
            <root url="jrt:///home/otto/C:/Program Files/Zulu/zulu-17!/jdk.jdeps" type="simple" />
            <root url="jrt:///home/otto/C:/Program Files/Zulu/zulu-17!/jdk.jdi" type="simple" />
            <root url="jrt:///home/otto/C:/Program Files/Zulu/zulu-17!/jdk.jdwp.agent" type="simple" />
            <root url="jrt:///home/otto/C:/Program Files/Zulu/zulu-17!/jdk.jfr" type="simple" />
            <root url="jrt:///home/otto/C:/Program Files/Zulu/zulu-17!/jdk.jlink" type="simple" />
            <root url="jrt:///home/otto/C:/Program Files/Zulu/zulu-17!/jdk.jpackage" type="simple" />
            <root url="jrt:///home/otto/C:/Program Files/Zulu/zulu-17!/jdk.jshell" type="simple" />
            <root url="jrt:///home/otto/C:/Program Files/Zulu/zulu-17!/jdk.jsobject" type="simple" />
            <root url="jrt:///home/otto/C:/Program Files/Zulu/zulu-17!/jdk.jstatd" type="simple" />
            <root url="jrt:///home/otto/C:/Program Files/Zulu/zulu-17!/jdk.localedata" type="simple" />
            <root url="jrt:///home/otto/C:/Program Files/Zulu/zulu-17!/jdk.management" type="simple" />
            <root url="jrt:///home/otto/C:/Program Files/Zulu/zulu-17!/jdk.management.agent" type="simple" />
            <root url="jrt:///home/otto/C:/Program Files/Zulu/zulu-17!/jdk.management.jfr" type="simple" />
            <root url="jrt:///home/otto/C:/Program Files/Zulu/zulu-17!/jdk.naming.dns" type="simple" />
            <root url="jrt:///home/otto/C:/Program Files/Zulu/zulu-17!/jdk.naming.rmi" type="simple" />
            <root url="jrt:///home/otto/C:/Program Files/Zulu/zulu-17!/jdk.net" type="simple" />
            <root url="jrt:///home/otto/C:/Program Files/Zulu/zulu-17!/jdk.nio.mapmode" type="simple" />
            <root url="jrt:///home/otto/C:/Program Files/Zulu/zulu-17!/jdk.random" type="simple" />
            <root url="jrt:///home/otto/C:/Program Files/Zulu/zulu-17!/jdk.sctp" type="simple" />
            <root url="jrt:///home/otto/C:/Program Files/Zulu/zulu-17!/jdk.security.auth" type="simple" />
            <root url="jrt:///home/otto/C:/Program Files/Zulu/zulu-17!/jdk.security.jgss" type="simple" />
            <root url="jrt:///home/otto/C:/Program Files/Zulu/zulu-17!/jdk.unsupported" type="simple" />
            <root url="jrt:///home/otto/C:/Program Files/Zulu/zulu-17!/jdk.unsupported.desktop" type="simple" />
            <root url="jrt:///home/otto/C:/Program Files/Zulu/zulu-17!/jdk.xml.dom" type="simple" />
            <root url="jrt:///home/otto/C:/Program Files/Zulu/zulu-17!/jdk.zipfs" type="simple" />
          </root>
        </classPath>
        <javadocPath>
          <root type="composite" />
        </javadocPath>
        <sourcePath>
          <root type="composite">
            <root url="jar://$USER_HOME$/C:/Program Files/Zulu/zulu-17/lib/src.zip!/java.se" type="simple" />
            <root url="jar://$USER_HOME$/C:/Program Files/Zulu/zulu-17/lib/src.zip!/jdk.jdi" type="simple" />
            <root url="jar://$USER_HOME$/C:/Program Files/Zulu/zulu-17/lib/src.zip!/jdk.jfr" type="simple" />
            <root url="jar://$USER_HOME$/C:/Program Files/Zulu/zulu-17/lib/src.zip!/jdk.net" type="simple" />
            <root url="jar://$USER_HOME$/C:/Program Files/Zulu/zulu-17/lib/src.zip!/java.rmi" type="simple" />
            <root url="jar://$USER_HOME$/C:/Program Files/Zulu/zulu-17/lib/src.zip!/java.sql" type="simple" />
            <root url="jar://$USER_HOME$/C:/Program Files/Zulu/zulu-17/lib/src.zip!/java.xml" type="simple" />
            <root url="jar://$USER_HOME$/C:/Program Files/Zulu/zulu-17/lib/src.zip!/jdk.jcmd" type="simple" />
            <root url="jar://$USER_HOME$/C:/Program Files/Zulu/zulu-17/lib/src.zip!/jdk.sctp" type="simple" />
            <root url="jar://$USER_HOME$/C:/Program Files/Zulu/zulu-17/lib/src.zip!/java.base" type="simple" />
            <root url="jar://$USER_HOME$/C:/Program Files/Zulu/zulu-17/lib/src.zip!/jdk.jdeps" type="simple" />
            <root url="jar://$USER_HOME$/C:/Program Files/Zulu/zulu-17/lib/src.zip!/jdk.jlink" type="simple" />
            <root url="jar://$USER_HOME$/C:/Program Files/Zulu/zulu-17/lib/src.zip!/jdk.zipfs" type="simple" />
            <root url="jar://$USER_HOME$/C:/Program Files/Zulu/zulu-17/lib/src.zip!/java.prefs" type="simple" />
            <root url="jar://$USER_HOME$/C:/Program Files/Zulu/zulu-17/lib/src.zip!/jdk.attach" type="simple" />
            <root url="jar://$USER_HOME$/C:/Program Files/Zulu/zulu-17/lib/src.zip!/jdk.jshell" type="simple" />
            <root url="jar://$USER_HOME$/C:/Program Files/Zulu/zulu-17/lib/src.zip!/jdk.jstatd" type="simple" />
            <root url="jar://$USER_HOME$/C:/Program Files/Zulu/zulu-17/lib/src.zip!/jdk.random" type="simple" />
            <root url="jar://$USER_HOME$/C:/Program Files/Zulu/zulu-17/lib/src.zip!/java.naming" type="simple" />
            <root url="jar://$USER_HOME$/C:/Program Files/Zulu/zulu-17/lib/src.zip!/jdk.editpad" type="simple" />
            <root url="jar://$USER_HOME$/C:/Program Files/Zulu/zulu-17/lib/src.zip!/jdk.jartool" type="simple" />
            <root url="jar://$USER_HOME$/C:/Program Files/Zulu/zulu-17/lib/src.zip!/jdk.javadoc" type="simple" />
            <root url="jar://$USER_HOME$/C:/Program Files/Zulu/zulu-17/lib/src.zip!/jdk.xml.dom" type="simple" />
            <root url="jar://$USER_HOME$/C:/Program Files/Zulu/zulu-17/lib/src.zip!/java.desktop" type="simple" />
            <root url="jar://$USER_HOME$/C:/Program Files/Zulu/zulu-17/lib/src.zip!/java.logging" type="simple" />
            <root url="jar://$USER_HOME$/C:/Program Files/Zulu/zulu-17/lib/src.zip!/jdk.charsets" type="simple" />
            <root url="jar://$USER_HOME$/C:/Program Files/Zulu/zulu-17/lib/src.zip!/jdk.compiler" type="simple" />
            <root url="jar://$USER_HOME$/C:/Program Files/Zulu/zulu-17/lib/src.zip!/jdk.dynalink" type="simple" />
            <root url="jar://$USER_HOME$/C:/Program Files/Zulu/zulu-17/lib/src.zip!/jdk.jconsole" type="simple" />
            <root url="jar://$USER_HOME$/C:/Program Files/Zulu/zulu-17/lib/src.zip!/jdk.jpackage" type="simple" />
            <root url="jar://$USER_HOME$/C:/Program Files/Zulu/zulu-17/lib/src.zip!/jdk.jsobject" type="simple" />
            <root url="jar://$USER_HOME$/C:/Program Files/Zulu/zulu-17/lib/src.zip!/java.compiler" type="simple" />
            <root url="jar://$USER_HOME$/C:/Program Files/Zulu/zulu-17/lib/src.zip!/java.net.http" type="simple" />
            <root url="jar://$USER_HOME$/C:/Program Files/Zulu/zulu-17/lib/src.zip!/jdk.crypto.ec" type="simple" />
            <root url="jar://$USER_HOME$/C:/Program Files/Zulu/zulu-17/lib/src.zip!/java.scripting" type="simple" />
            <root url="jar://$USER_HOME$/C:/Program Files/Zulu/zulu-17/lib/src.zip!/jdk.httpserver" type="simple" />
            <root url="jar://$USER_HOME$/C:/Program Files/Zulu/zulu-17/lib/src.zip!/jdk.jdwp.agent" type="simple" />
            <root url="jar://$USER_HOME$/C:/Program Files/Zulu/zulu-17/lib/src.zip!/jdk.localedata" type="simple" />
            <root url="jar://$USER_HOME$/C:/Program Files/Zulu/zulu-17/lib/src.zip!/jdk.management" type="simple" />
            <root url="jar://$USER_HOME$/C:/Program Files/Zulu/zulu-17/lib/src.zip!/jdk.naming.dns" type="simple" />
            <root url="jar://$USER_HOME$/C:/Program Files/Zulu/zulu-17/lib/src.zip!/jdk.naming.rmi" type="simple" />
            <root url="jar://$USER_HOME$/C:/Program Files/Zulu/zulu-17/lib/src.zip!/java.instrument" type="simple" />
            <root url="jar://$USER_HOME$/C:/Program Files/Zulu/zulu-17/lib/src.zip!/java.management" type="simple" />
            <root url="jar://$USER_HOME$/C:/Program Files/Zulu/zulu-17/lib/src.zip!/java.sql.rowset" type="simple" />
            <root url="jar://$USER_HOME$/C:/Program Files/Zulu/zulu-17/lib/src.zip!/java.xml.crypto" type="simple" />
            <root url="jar://$USER_HOME$/C:/Program Files/Zulu/zulu-17/lib/src.zip!/jdk.internal.ed" type="simple" />
            <root url="jar://$USER_HOME$/C:/Program Files/Zulu/zulu-17/lib/src.zip!/jdk.internal.le" type="simple" />
            <root url="jar://$USER_HOME$/C:/Program Files/Zulu/zulu-17/lib/src.zip!/jdk.nio.mapmode" type="simple" />
            <root url="jar://$USER_HOME$/C:/Program Files/Zulu/zulu-17/lib/src.zip!/jdk.unsupported" type="simple" />
            <root url="jar://$USER_HOME$/C:/Program Files/Zulu/zulu-17/lib/src.zip!/com.azul.tooling" type="simple" />
            <root url="jar://$USER_HOME$/C:/Program Files/Zulu/zulu-17/lib/src.zip!/java.smartcardio" type="simple" />
            <root url="jar://$USER_HOME$/C:/Program Files/Zulu/zulu-17/lib/src.zip!/jdk.internal.opt" type="simple" />
            <root url="jar://$USER_HOME$/C:/Program Files/Zulu/zulu-17/lib/src.zip!/java.datatransfer" type="simple" />
            <root url="jar://$USER_HOME$/C:/Program Files/Zulu/zulu-17/lib/src.zip!/jdk.accessibility" type="simple" />
            <root url="jar://$USER_HOME$/C:/Program Files/Zulu/zulu-17/lib/src.zip!/jdk.crypto.mscapi" type="simple" />
            <root url="jar://$USER_HOME$/C:/Program Files/Zulu/zulu-17/lib/src.zip!/jdk.hotspot.agent" type="simple" />
            <root url="jar://$USER_HOME$/C:/Program Files/Zulu/zulu-17/lib/src.zip!/jdk.security.auth" type="simple" />
            <root url="jar://$USER_HOME$/C:/Program Files/Zulu/zulu-17/lib/src.zip!/jdk.security.jgss" type="simple" />
            <root url="jar://$USER_HOME$/C:/Program Files/Zulu/zulu-17/lib/src.zip!/java.security.jgss" type="simple" />
            <root url="jar://$USER_HOME$/C:/Program Files/Zulu/zulu-17/lib/src.zip!/java.security.sasl" type="simple" />
            <root url="jar://$USER_HOME$/C:/Program Files/Zulu/zulu-17/lib/src.zip!/jdk.internal.vm.ci" type="simple" />
            <root url="jar://$USER_HOME$/C:/Program Files/Zulu/zulu-17/lib/src.zip!/jdk.management.jfr" type="simple" />
            <root url="jar://$USER_HOME$/C:/Program Files/Zulu/zulu-17/lib/src.zip!/com.azul.crs.client" type="simple" />
            <root url="jar://$USER_HOME$/C:/Program Files/Zulu/zulu-17/lib/src.zip!/java.management.rmi" type="simple" />
            <root url="jar://$USER_HOME$/C:/Program Files/Zulu/zulu-17/lib/src.zip!/java.transaction.xa" type="simple" />
            <root url="jar://$USER_HOME$/C:/Program Files/Zulu/zulu-17/lib/src.zip!/jdk.crypto.cryptoki" type="simple" />
            <root url="jar://$USER_HOME$/C:/Program Files/Zulu/zulu-17/lib/src.zip!/jdk.incubator.vector" type="simple" />
            <root url="jar://$USER_HOME$/C:/Program Files/Zulu/zulu-17/lib/src.zip!/jdk.internal.jvmstat" type="simple" />
            <root url="jar://$USER_HOME$/C:/Program Files/Zulu/zulu-17/lib/src.zip!/jdk.management.agent" type="simple" />
            <root url="jar://$USER_HOME$/C:/Program Files/Zulu/zulu-17/lib/src.zip!/jdk.incubator.foreign" type="simple" />
            <root url="jar://$USER_HOME$/C:/Program Files/Zulu/zulu-17/lib/src.zip!/jdk.unsupported.desktop" type="simple" />
            <root url="jar://$USER_HOME$/C:/Program Files/Zulu/zulu-17/lib/src.zip!/jdk.internal.vm.compiler" type="simple" />
            <root url="jar://$USER_HOME$/C:/Program Files/Zulu/zulu-17/lib/src.zip!/jdk.internal.vm.compiler.management" type="simple" />
          </root>
        </sourcePath>
      </roots>
      <additional />
    </jdk>
    <jdk version="2">
      <name value="zulu-17 (WSL)" />
      <type value="JavaSDK" />
      <version value="Azul Zulu version 17.0.6" />
      <homePath value="//wsl$/Ubuntu-22.04/usr/lib/jvm/zulu17-ca-amd64" />
      <roots>
        <annotationsPath>
          <root type="composite">
            <root url="jar://$APPLICATION_HOME_DIR$/plugins/java/lib/resources/jdkAnnotations.jar!/" type="simple" />
          </root>
        </annotationsPath>
        <classPath>
          <root type="composite">
            <root url="jrt:///wsl$/Ubuntu-22.04/usr/lib/jvm/zulu17-ca-amd64!/com.azul.crs.client" type="simple" />
            <root url="jrt:///wsl$/Ubuntu-22.04/usr/lib/jvm/zulu17-ca-amd64!/com.azul.tooling" type="simple" />
            <root url="jrt:///wsl$/Ubuntu-22.04/usr/lib/jvm/zulu17-ca-amd64!/java.base" type="simple" />
            <root url="jrt:///wsl$/Ubuntu-22.04/usr/lib/jvm/zulu17-ca-amd64!/java.compiler" type="simple" />
            <root url="jrt:///wsl$/Ubuntu-22.04/usr/lib/jvm/zulu17-ca-amd64!/java.datatransfer" type="simple" />
            <root url="jrt:///wsl$/Ubuntu-22.04/usr/lib/jvm/zulu17-ca-amd64!/java.desktop" type="simple" />
            <root url="jrt:///wsl$/Ubuntu-22.04/usr/lib/jvm/zulu17-ca-amd64!/java.instrument" type="simple" />
            <root url="jrt:///wsl$/Ubuntu-22.04/usr/lib/jvm/zulu17-ca-amd64!/java.logging" type="simple" />
            <root url="jrt:///wsl$/Ubuntu-22.04/usr/lib/jvm/zulu17-ca-amd64!/java.management" type="simple" />
            <root url="jrt:///wsl$/Ubuntu-22.04/usr/lib/jvm/zulu17-ca-amd64!/java.management.rmi" type="simple" />
            <root url="jrt:///wsl$/Ubuntu-22.04/usr/lib/jvm/zulu17-ca-amd64!/java.naming" type="simple" />
            <root url="jrt:///wsl$/Ubuntu-22.04/usr/lib/jvm/zulu17-ca-amd64!/java.net.http" type="simple" />
            <root url="jrt:///wsl$/Ubuntu-22.04/usr/lib/jvm/zulu17-ca-amd64!/java.prefs" type="simple" />
            <root url="jrt:///wsl$/Ubuntu-22.04/usr/lib/jvm/zulu17-ca-amd64!/java.rmi" type="simple" />
            <root url="jrt:///wsl$/Ubuntu-22.04/usr/lib/jvm/zulu17-ca-amd64!/java.scripting" type="simple" />
            <root url="jrt:///wsl$/Ubuntu-22.04/usr/lib/jvm/zulu17-ca-amd64!/java.se" type="simple" />
            <root url="jrt:///wsl$/Ubuntu-22.04/usr/lib/jvm/zulu17-ca-amd64!/java.security.jgss" type="simple" />
            <root url="jrt:///wsl$/Ubuntu-22.04/usr/lib/jvm/zulu17-ca-amd64!/java.security.sasl" type="simple" />
            <root url="jrt:///wsl$/Ubuntu-22.04/usr/lib/jvm/zulu17-ca-amd64!/java.smartcardio" type="simple" />
            <root url="jrt:///wsl$/Ubuntu-22.04/usr/lib/jvm/zulu17-ca-amd64!/java.sql" type="simple" />
            <root url="jrt:///wsl$/Ubuntu-22.04/usr/lib/jvm/zulu17-ca-amd64!/java.sql.rowset" type="simple" />
            <root url="jrt:///wsl$/Ubuntu-22.04/usr/lib/jvm/zulu17-ca-amd64!/java.transaction.xa" type="simple" />
            <root url="jrt:///wsl$/Ubuntu-22.04/usr/lib/jvm/zulu17-ca-amd64!/java.xml" type="simple" />
            <root url="jrt:///wsl$/Ubuntu-22.04/usr/lib/jvm/zulu17-ca-amd64!/java.xml.crypto" type="simple" />
            <root url="jrt:///wsl$/Ubuntu-22.04/usr/lib/jvm/zulu17-ca-amd64!/jdk.accessibility" type="simple" />
            <root url="jrt:///wsl$/Ubuntu-22.04/usr/lib/jvm/zulu17-ca-amd64!/jdk.attach" type="simple" />
            <root url="jrt:///wsl$/Ubuntu-22.04/usr/lib/jvm/zulu17-ca-amd64!/jdk.charsets" type="simple" />
            <root url="jrt:///wsl$/Ubuntu-22.04/usr/lib/jvm/zulu17-ca-amd64!/jdk.compiler" type="simple" />
            <root url="jrt:///wsl$/Ubuntu-22.04/usr/lib/jvm/zulu17-ca-amd64!/jdk.crypto.cryptoki" type="simple" />
            <root url="jrt:///wsl$/Ubuntu-22.04/usr/lib/jvm/zulu17-ca-amd64!/jdk.crypto.ec" type="simple" />
            <root url="jrt:///wsl$/Ubuntu-22.04/usr/lib/jvm/zulu17-ca-amd64!/jdk.dynalink" type="simple" />
            <root url="jrt:///wsl$/Ubuntu-22.04/usr/lib/jvm/zulu17-ca-amd64!/jdk.editpad" type="simple" />
            <root url="jrt:///wsl$/Ubuntu-22.04/usr/lib/jvm/zulu17-ca-amd64!/jdk.hotspot.agent" type="simple" />
            <root url="jrt:///wsl$/Ubuntu-22.04/usr/lib/jvm/zulu17-ca-amd64!/jdk.httpserver" type="simple" />
            <root url="jrt:///wsl$/Ubuntu-22.04/usr/lib/jvm/zulu17-ca-amd64!/jdk.incubator.foreign" type="simple" />
            <root url="jrt:///wsl$/Ubuntu-22.04/usr/lib/jvm/zulu17-ca-amd64!/jdk.incubator.vector" type="simple" />
            <root url="jrt:///wsl$/Ubuntu-22.04/usr/lib/jvm/zulu17-ca-amd64!/jdk.internal.ed" type="simple" />
            <root url="jrt:///wsl$/Ubuntu-22.04/usr/lib/jvm/zulu17-ca-amd64!/jdk.internal.jvmstat" type="simple" />
            <root url="jrt:///wsl$/Ubuntu-22.04/usr/lib/jvm/zulu17-ca-amd64!/jdk.internal.le" type="simple" />
            <root url="jrt:///wsl$/Ubuntu-22.04/usr/lib/jvm/zulu17-ca-amd64!/jdk.internal.opt" type="simple" />
            <root url="jrt:///wsl$/Ubuntu-22.04/usr/lib/jvm/zulu17-ca-amd64!/jdk.internal.vm.ci" type="simple" />
            <root url="jrt:///wsl$/Ubuntu-22.04/usr/lib/jvm/zulu17-ca-amd64!/jdk.internal.vm.compiler" type="simple" />
            <root url="jrt:///wsl$/Ubuntu-22.04/usr/lib/jvm/zulu17-ca-amd64!/jdk.internal.vm.compiler.management" type="simple" />
            <root url="jrt:///wsl$/Ubuntu-22.04/usr/lib/jvm/zulu17-ca-amd64!/jdk.jartool" type="simple" />
            <root url="jrt:///wsl$/Ubuntu-22.04/usr/lib/jvm/zulu17-ca-amd64!/jdk.javadoc" type="simple" />
            <root url="jrt:///wsl$/Ubuntu-22.04/usr/lib/jvm/zulu17-ca-amd64!/jdk.jcmd" type="simple" />
            <root url="jrt:///wsl$/Ubuntu-22.04/usr/lib/jvm/zulu17-ca-amd64!/jdk.jconsole" type="simple" />
            <root url="jrt:///wsl$/Ubuntu-22.04/usr/lib/jvm/zulu17-ca-amd64!/jdk.jdeps" type="simple" />
            <root url="jrt:///wsl$/Ubuntu-22.04/usr/lib/jvm/zulu17-ca-amd64!/jdk.jdi" type="simple" />
            <root url="jrt:///wsl$/Ubuntu-22.04/usr/lib/jvm/zulu17-ca-amd64!/jdk.jdwp.agent" type="simple" />
            <root url="jrt:///wsl$/Ubuntu-22.04/usr/lib/jvm/zulu17-ca-amd64!/jdk.jfr" type="simple" />
            <root url="jrt:///wsl$/Ubuntu-22.04/usr/lib/jvm/zulu17-ca-amd64!/jdk.jlink" type="simple" />
            <root url="jrt:///wsl$/Ubuntu-22.04/usr/lib/jvm/zulu17-ca-amd64!/jdk.jpackage" type="simple" />
            <root url="jrt:///wsl$/Ubuntu-22.04/usr/lib/jvm/zulu17-ca-amd64!/jdk.jshell" type="simple" />
            <root url="jrt:///wsl$/Ubuntu-22.04/usr/lib/jvm/zulu17-ca-amd64!/jdk.jsobject" type="simple" />
            <root url="jrt:///wsl$/Ubuntu-22.04/usr/lib/jvm/zulu17-ca-amd64!/jdk.jstatd" type="simple" />
            <root url="jrt:///wsl$/Ubuntu-22.04/usr/lib/jvm/zulu17-ca-amd64!/jdk.localedata" type="simple" />
            <root url="jrt:///wsl$/Ubuntu-22.04/usr/lib/jvm/zulu17-ca-amd64!/jdk.management" type="simple" />
            <root url="jrt:///wsl$/Ubuntu-22.04/usr/lib/jvm/zulu17-ca-amd64!/jdk.management.agent" type="simple" />
            <root url="jrt:///wsl$/Ubuntu-22.04/usr/lib/jvm/zulu17-ca-amd64!/jdk.management.jfr" type="simple" />
            <root url="jrt:///wsl$/Ubuntu-22.04/usr/lib/jvm/zulu17-ca-amd64!/jdk.naming.dns" type="simple" />
            <root url="jrt:///wsl$/Ubuntu-22.04/usr/lib/jvm/zulu17-ca-amd64!/jdk.naming.rmi" type="simple" />
            <root url="jrt:///wsl$/Ubuntu-22.04/usr/lib/jvm/zulu17-ca-amd64!/jdk.net" type="simple" />
            <root url="jrt:///wsl$/Ubuntu-22.04/usr/lib/jvm/zulu17-ca-amd64!/jdk.nio.mapmode" type="simple" />
            <root url="jrt:///wsl$/Ubuntu-22.04/usr/lib/jvm/zulu17-ca-amd64!/jdk.random" type="simple" />
            <root url="jrt:///wsl$/Ubuntu-22.04/usr/lib/jvm/zulu17-ca-amd64!/jdk.sctp" type="simple" />
            <root url="jrt:///wsl$/Ubuntu-22.04/usr/lib/jvm/zulu17-ca-amd64!/jdk.security.auth" type="simple" />
            <root url="jrt:///wsl$/Ubuntu-22.04/usr/lib/jvm/zulu17-ca-amd64!/jdk.security.jgss" type="simple" />
            <root url="jrt:///wsl$/Ubuntu-22.04/usr/lib/jvm/zulu17-ca-amd64!/jdk.unsupported" type="simple" />
            <root url="jrt:///wsl$/Ubuntu-22.04/usr/lib/jvm/zulu17-ca-amd64!/jdk.unsupported.desktop" type="simple" />
            <root url="jrt:///wsl$/Ubuntu-22.04/usr/lib/jvm/zulu17-ca-amd64!/jdk.xml.dom" type="simple" />
            <root url="jrt:///wsl$/Ubuntu-22.04/usr/lib/jvm/zulu17-ca-amd64!/jdk.zipfs" type="simple" />
          </root>
        </classPath>
        <javadocPath>
          <root type="composite" />
        </javadocPath>
        <sourcePath>
          <root type="composite" />
        </sourcePath>
      </roots>
      <additional />
    </jdk>
    <jdk version="2">
      <name value="zulu-11 (WSL)" />
      <type value="JavaSDK" />
      <version value="Azul Zulu version 11.0.18" />
      <homePath value="\\wsl$\Ubuntu-22.04\usr\lib\jvm\zulu11-ca-amd64" />
      <roots>
        <annotationsPath>
          <root type="composite">
            <root url="jar://$APPLICATION_HOME_DIR$/plugins/java/lib/resources/jdkAnnotations.jar!/" type="simple" />
          </root>
        </annotationsPath>
        <classPath>
          <root type="composite">
            <root url="jrt:///wsl$/Ubuntu-22.04/usr/lib/jvm/zulu11-ca-amd64!/com.azul.crs.client" type="simple" />
            <root url="jrt:///wsl$/Ubuntu-22.04/usr/lib/jvm/zulu11-ca-amd64!/com.azul.tooling" type="simple" />
            <root url="jrt:///wsl$/Ubuntu-22.04/usr/lib/jvm/zulu11-ca-amd64!/java.base" type="simple" />
            <root url="jrt:///wsl$/Ubuntu-22.04/usr/lib/jvm/zulu11-ca-amd64!/java.compiler" type="simple" />
            <root url="jrt:///wsl$/Ubuntu-22.04/usr/lib/jvm/zulu11-ca-amd64!/java.datatransfer" type="simple" />
            <root url="jrt:///wsl$/Ubuntu-22.04/usr/lib/jvm/zulu11-ca-amd64!/java.desktop" type="simple" />
            <root url="jrt:///wsl$/Ubuntu-22.04/usr/lib/jvm/zulu11-ca-amd64!/java.instrument" type="simple" />
            <root url="jrt:///wsl$/Ubuntu-22.04/usr/lib/jvm/zulu11-ca-amd64!/java.logging" type="simple" />
            <root url="jrt:///wsl$/Ubuntu-22.04/usr/lib/jvm/zulu11-ca-amd64!/java.management" type="simple" />
            <root url="jrt:///wsl$/Ubuntu-22.04/usr/lib/jvm/zulu11-ca-amd64!/java.management.rmi" type="simple" />
            <root url="jrt:///wsl$/Ubuntu-22.04/usr/lib/jvm/zulu11-ca-amd64!/java.naming" type="simple" />
            <root url="jrt:///wsl$/Ubuntu-22.04/usr/lib/jvm/zulu11-ca-amd64!/java.net.http" type="simple" />
            <root url="jrt:///wsl$/Ubuntu-22.04/usr/lib/jvm/zulu11-ca-amd64!/java.prefs" type="simple" />
            <root url="jrt:///wsl$/Ubuntu-22.04/usr/lib/jvm/zulu11-ca-amd64!/java.rmi" type="simple" />
            <root url="jrt:///wsl$/Ubuntu-22.04/usr/lib/jvm/zulu11-ca-amd64!/java.scripting" type="simple" />
            <root url="jrt:///wsl$/Ubuntu-22.04/usr/lib/jvm/zulu11-ca-amd64!/java.se" type="simple" />
            <root url="jrt:///wsl$/Ubuntu-22.04/usr/lib/jvm/zulu11-ca-amd64!/java.security.jgss" type="simple" />
            <root url="jrt:///wsl$/Ubuntu-22.04/usr/lib/jvm/zulu11-ca-amd64!/java.security.sasl" type="simple" />
            <root url="jrt:///wsl$/Ubuntu-22.04/usr/lib/jvm/zulu11-ca-amd64!/java.smartcardio" type="simple" />
            <root url="jrt:///wsl$/Ubuntu-22.04/usr/lib/jvm/zulu11-ca-amd64!/java.sql" type="simple" />
            <root url="jrt:///wsl$/Ubuntu-22.04/usr/lib/jvm/zulu11-ca-amd64!/java.sql.rowset" type="simple" />
            <root url="jrt:///wsl$/Ubuntu-22.04/usr/lib/jvm/zulu11-ca-amd64!/java.transaction.xa" type="simple" />
            <root url="jrt:///wsl$/Ubuntu-22.04/usr/lib/jvm/zulu11-ca-amd64!/java.xml" type="simple" />
            <root url="jrt:///wsl$/Ubuntu-22.04/usr/lib/jvm/zulu11-ca-amd64!/java.xml.crypto" type="simple" />
            <root url="jrt:///wsl$/Ubuntu-22.04/usr/lib/jvm/zulu11-ca-amd64!/jdk.accessibility" type="simple" />
            <root url="jrt:///wsl$/Ubuntu-22.04/usr/lib/jvm/zulu11-ca-amd64!/jdk.aot" type="simple" />
            <root url="jrt:///wsl$/Ubuntu-22.04/usr/lib/jvm/zulu11-ca-amd64!/jdk.attach" type="simple" />
            <root url="jrt:///wsl$/Ubuntu-22.04/usr/lib/jvm/zulu11-ca-amd64!/jdk.charsets" type="simple" />
            <root url="jrt:///wsl$/Ubuntu-22.04/usr/lib/jvm/zulu11-ca-amd64!/jdk.compiler" type="simple" />
            <root url="jrt:///wsl$/Ubuntu-22.04/usr/lib/jvm/zulu11-ca-amd64!/jdk.crypto.cryptoki" type="simple" />
            <root url="jrt:///wsl$/Ubuntu-22.04/usr/lib/jvm/zulu11-ca-amd64!/jdk.crypto.ec" type="simple" />
            <root url="jrt:///wsl$/Ubuntu-22.04/usr/lib/jvm/zulu11-ca-amd64!/jdk.dynalink" type="simple" />
            <root url="jrt:///wsl$/Ubuntu-22.04/usr/lib/jvm/zulu11-ca-amd64!/jdk.editpad" type="simple" />
            <root url="jrt:///wsl$/Ubuntu-22.04/usr/lib/jvm/zulu11-ca-amd64!/jdk.hotspot.agent" type="simple" />
            <root url="jrt:///wsl$/Ubuntu-22.04/usr/lib/jvm/zulu11-ca-amd64!/jdk.httpserver" type="simple" />
            <root url="jrt:///wsl$/Ubuntu-22.04/usr/lib/jvm/zulu11-ca-amd64!/jdk.internal.ed" type="simple" />
            <root url="jrt:///wsl$/Ubuntu-22.04/usr/lib/jvm/zulu11-ca-amd64!/jdk.internal.jvmstat" type="simple" />
            <root url="jrt:///wsl$/Ubuntu-22.04/usr/lib/jvm/zulu11-ca-amd64!/jdk.internal.le" type="simple" />
            <root url="jrt:///wsl$/Ubuntu-22.04/usr/lib/jvm/zulu11-ca-amd64!/jdk.internal.opt" type="simple" />
            <root url="jrt:///wsl$/Ubuntu-22.04/usr/lib/jvm/zulu11-ca-amd64!/jdk.internal.vm.ci" type="simple" />
            <root url="jrt:///wsl$/Ubuntu-22.04/usr/lib/jvm/zulu11-ca-amd64!/jdk.internal.vm.compiler" type="simple" />
            <root url="jrt:///wsl$/Ubuntu-22.04/usr/lib/jvm/zulu11-ca-amd64!/jdk.internal.vm.compiler.management" type="simple" />
            <root url="jrt:///wsl$/Ubuntu-22.04/usr/lib/jvm/zulu11-ca-amd64!/jdk.jartool" type="simple" />
            <root url="jrt:///wsl$/Ubuntu-22.04/usr/lib/jvm/zulu11-ca-amd64!/jdk.javadoc" type="simple" />
            <root url="jrt:///wsl$/Ubuntu-22.04/usr/lib/jvm/zulu11-ca-amd64!/jdk.jcmd" type="simple" />
            <root url="jrt:///wsl$/Ubuntu-22.04/usr/lib/jvm/zulu11-ca-amd64!/jdk.jconsole" type="simple" />
            <root url="jrt:///wsl$/Ubuntu-22.04/usr/lib/jvm/zulu11-ca-amd64!/jdk.jdeps" type="simple" />
            <root url="jrt:///wsl$/Ubuntu-22.04/usr/lib/jvm/zulu11-ca-amd64!/jdk.jdi" type="simple" />
            <root url="jrt:///wsl$/Ubuntu-22.04/usr/lib/jvm/zulu11-ca-amd64!/jdk.jdwp.agent" type="simple" />
            <root url="jrt:///wsl$/Ubuntu-22.04/usr/lib/jvm/zulu11-ca-amd64!/jdk.jfr" type="simple" />
            <root url="jrt:///wsl$/Ubuntu-22.04/usr/lib/jvm/zulu11-ca-amd64!/jdk.jlink" type="simple" />
            <root url="jrt:///wsl$/Ubuntu-22.04/usr/lib/jvm/zulu11-ca-amd64!/jdk.jshell" type="simple" />
            <root url="jrt:///wsl$/Ubuntu-22.04/usr/lib/jvm/zulu11-ca-amd64!/jdk.jsobject" type="simple" />
            <root url="jrt:///wsl$/Ubuntu-22.04/usr/lib/jvm/zulu11-ca-amd64!/jdk.jstatd" type="simple" />
            <root url="jrt:///wsl$/Ubuntu-22.04/usr/lib/jvm/zulu11-ca-amd64!/jdk.localedata" type="simple" />
            <root url="jrt:///wsl$/Ubuntu-22.04/usr/lib/jvm/zulu11-ca-amd64!/jdk.management" type="simple" />
            <root url="jrt:///wsl$/Ubuntu-22.04/usr/lib/jvm/zulu11-ca-amd64!/jdk.management.agent" type="simple" />
            <root url="jrt:///wsl$/Ubuntu-22.04/usr/lib/jvm/zulu11-ca-amd64!/jdk.management.jfr" type="simple" />
            <root url="jrt:///wsl$/Ubuntu-22.04/usr/lib/jvm/zulu11-ca-amd64!/jdk.naming.dns" type="simple" />
            <root url="jrt:///wsl$/Ubuntu-22.04/usr/lib/jvm/zulu11-ca-amd64!/jdk.naming.ldap" type="simple" />
            <root url="jrt:///wsl$/Ubuntu-22.04/usr/lib/jvm/zulu11-ca-amd64!/jdk.naming.rmi" type="simple" />
            <root url="jrt:///wsl$/Ubuntu-22.04/usr/lib/jvm/zulu11-ca-amd64!/jdk.net" type="simple" />
            <root url="jrt:///wsl$/Ubuntu-22.04/usr/lib/jvm/zulu11-ca-amd64!/jdk.pack" type="simple" />
            <root url="jrt:///wsl$/Ubuntu-22.04/usr/lib/jvm/zulu11-ca-amd64!/jdk.rmic" type="simple" />
            <root url="jrt:///wsl$/Ubuntu-22.04/usr/lib/jvm/zulu11-ca-amd64!/jdk.scripting.nashorn" type="simple" />
            <root url="jrt:///wsl$/Ubuntu-22.04/usr/lib/jvm/zulu11-ca-amd64!/jdk.scripting.nashorn.shell" type="simple" />
            <root url="jrt:///wsl$/Ubuntu-22.04/usr/lib/jvm/zulu11-ca-amd64!/jdk.sctp" type="simple" />
            <root url="jrt:///wsl$/Ubuntu-22.04/usr/lib/jvm/zulu11-ca-amd64!/jdk.security.auth" type="simple" />
            <root url="jrt:///wsl$/Ubuntu-22.04/usr/lib/jvm/zulu11-ca-amd64!/jdk.security.jgss" type="simple" />
            <root url="jrt:///wsl$/Ubuntu-22.04/usr/lib/jvm/zulu11-ca-amd64!/jdk.unsupported" type="simple" />
            <root url="jrt:///wsl$/Ubuntu-22.04/usr/lib/jvm/zulu11-ca-amd64!/jdk.unsupported.desktop" type="simple" />
            <root url="jrt:///wsl$/Ubuntu-22.04/usr/lib/jvm/zulu11-ca-amd64!/jdk.xml.dom" type="simple" />
            <root url="jrt:///wsl$/Ubuntu-22.04/usr/lib/jvm/zulu11-ca-amd64!/jdk.zipfs" type="simple" />
          </root>
        </classPath>
        <javadocPath>
          <root type="composite">
            <root url="https://docs.oracle.com/en/java/javase/11/docs/api/" type="simple" />
          </root>
        </javadocPath>
        <sourcePath>
          <root type="composite" />
        </sourcePath>
      </roots>
      <additional />
    </jdk>
    <jdk version="2">
      <name value="zulu-1.8 (WSL)" />
      <type value="JavaSDK" />
      <version value="Azul Zulu version 1.8.0_362" />
      <homePath value="\\wsl$\Ubuntu-22.04\usr\lib\jvm\zulu8-ca-amd64" />
      <roots>
        <annotationsPath>
          <root type="composite">
            <root url="jar://$APPLICATION_HOME_DIR$/plugins/java/lib/resources/jdkAnnotations.jar!/" type="simple" />
          </root>
        </annotationsPath>
        <classPath>
          <root type="composite">
            <root url="jar:///wsl$/Ubuntu-22.04/usr/lib/jvm/zulu8-ca-amd64/jre/lib/cat.jar!/" type="simple" />
            <root url="jar:///wsl$/Ubuntu-22.04/usr/lib/jvm/zulu8-ca-amd64/jre/lib/charsets.jar!/" type="simple" />
            <root url="jar:///wsl$/Ubuntu-22.04/usr/lib/jvm/zulu8-ca-amd64/jre/lib/ext/cldrdata.jar!/" type="simple" />
            <root url="jar:///wsl$/Ubuntu-22.04/usr/lib/jvm/zulu8-ca-amd64/jre/lib/ext/crs-agent.jar!/" type="simple" />
            <root url="jar:///wsl$/Ubuntu-22.04/usr/lib/jvm/zulu8-ca-amd64/jre/lib/ext/dnsns.jar!/" type="simple" />
            <root url="jar:///wsl$/Ubuntu-22.04/usr/lib/jvm/zulu8-ca-amd64/jre/lib/ext/jaccess.jar!/" type="simple" />
            <root url="jar:///wsl$/Ubuntu-22.04/usr/lib/jvm/zulu8-ca-amd64/jre/lib/ext/localedata.jar!/" type="simple" />
            <root url="jar:///wsl$/Ubuntu-22.04/usr/lib/jvm/zulu8-ca-amd64/jre/lib/ext/nashorn.jar!/" type="simple" />
            <root url="jar:///wsl$/Ubuntu-22.04/usr/lib/jvm/zulu8-ca-amd64/jre/lib/ext/sunec.jar!/" type="simple" />
            <root url="jar:///wsl$/Ubuntu-22.04/usr/lib/jvm/zulu8-ca-amd64/jre/lib/ext/sunjce_provider.jar!/" type="simple" />
            <root url="jar:///wsl$/Ubuntu-22.04/usr/lib/jvm/zulu8-ca-amd64/jre/lib/ext/sunpkcs11.jar!/" type="simple" />
            <root url="jar:///wsl$/Ubuntu-22.04/usr/lib/jvm/zulu8-ca-amd64/jre/lib/ext/zipfs.jar!/" type="simple" />
            <root url="jar:///wsl$/Ubuntu-22.04/usr/lib/jvm/zulu8-ca-amd64/jre/lib/jce.jar!/" type="simple" />
            <root url="jar:///wsl$/Ubuntu-22.04/usr/lib/jvm/zulu8-ca-amd64/jre/lib/jfr.jar!/" type="simple" />
            <root url="jar:///wsl$/Ubuntu-22.04/usr/lib/jvm/zulu8-ca-amd64/jre/lib/jsse.jar!/" type="simple" />
            <root url="jar:///wsl$/Ubuntu-22.04/usr/lib/jvm/zulu8-ca-amd64/jre/lib/management-agent.jar!/" type="simple" />
            <root url="jar:///wsl$/Ubuntu-22.04/usr/lib/jvm/zulu8-ca-amd64/jre/lib/resources.jar!/" type="simple" />
            <root url="jar:///wsl$/Ubuntu-22.04/usr/lib/jvm/zulu8-ca-amd64/jre/lib/rt.jar!/" type="simple" />
          </root>
        </classPath>
        <javadocPath>
          <root type="composite">
            <root url="https://docs.oracle.com/javase/8/docs/api/" type="simple" />
          </root>
        </javadocPath>
        <sourcePath>
          <root type="composite" />
        </sourcePath>
      </roots>
      <additional />
    </jdk>
    <jdk version="2">
      <name value="17 (2)" />
      <type value="JavaSDK" />
      <version value="version 17.0.7" />
      <homePath value="/usr/lib/jvm/java-17-openjdk-amd64" />
      <roots>
        <annotationsPath>
          <root type="composite">
            <root url="jar://$APPLICATION_HOME_DIR$/plugins/java/lib/resources/jdkAnnotations.jar!/" type="simple" />
          </root>
        </annotationsPath>
        <classPath>
          <root type="composite">
            <root url="jrt:///usr/lib/jvm/java-17-openjdk-amd64!/java.base" type="simple" />
            <root url="jrt:///usr/lib/jvm/java-17-openjdk-amd64!/java.compiler" type="simple" />
            <root url="jrt:///usr/lib/jvm/java-17-openjdk-amd64!/java.datatransfer" type="simple" />
            <root url="jrt:///usr/lib/jvm/java-17-openjdk-amd64!/java.desktop" type="simple" />
            <root url="jrt:///usr/lib/jvm/java-17-openjdk-amd64!/java.instrument" type="simple" />
            <root url="jrt:///usr/lib/jvm/java-17-openjdk-amd64!/java.logging" type="simple" />
            <root url="jrt:///usr/lib/jvm/java-17-openjdk-amd64!/java.management" type="simple" />
            <root url="jrt:///usr/lib/jvm/java-17-openjdk-amd64!/java.management.rmi" type="simple" />
            <root url="jrt:///usr/lib/jvm/java-17-openjdk-amd64!/java.naming" type="simple" />
            <root url="jrt:///usr/lib/jvm/java-17-openjdk-amd64!/java.net.http" type="simple" />
            <root url="jrt:///usr/lib/jvm/java-17-openjdk-amd64!/java.prefs" type="simple" />
            <root url="jrt:///usr/lib/jvm/java-17-openjdk-amd64!/java.rmi" type="simple" />
            <root url="jrt:///usr/lib/jvm/java-17-openjdk-amd64!/java.scripting" type="simple" />
            <root url="jrt:///usr/lib/jvm/java-17-openjdk-amd64!/java.se" type="simple" />
            <root url="jrt:///usr/lib/jvm/java-17-openjdk-amd64!/java.security.jgss" type="simple" />
            <root url="jrt:///usr/lib/jvm/java-17-openjdk-amd64!/java.security.sasl" type="simple" />
            <root url="jrt:///usr/lib/jvm/java-17-openjdk-amd64!/java.smartcardio" type="simple" />
            <root url="jrt:///usr/lib/jvm/java-17-openjdk-amd64!/java.sql" type="simple" />
            <root url="jrt:///usr/lib/jvm/java-17-openjdk-amd64!/java.sql.rowset" type="simple" />
            <root url="jrt:///usr/lib/jvm/java-17-openjdk-amd64!/java.transaction.xa" type="simple" />
            <root url="jrt:///usr/lib/jvm/java-17-openjdk-amd64!/java.xml" type="simple" />
            <root url="jrt:///usr/lib/jvm/java-17-openjdk-amd64!/java.xml.crypto" type="simple" />
            <root url="jrt:///usr/lib/jvm/java-17-openjdk-amd64!/jdk.accessibility" type="simple" />
            <root url="jrt:///usr/lib/jvm/java-17-openjdk-amd64!/jdk.attach" type="simple" />
            <root url="jrt:///usr/lib/jvm/java-17-openjdk-amd64!/jdk.charsets" type="simple" />
            <root url="jrt:///usr/lib/jvm/java-17-openjdk-amd64!/jdk.compiler" type="simple" />
            <root url="jrt:///usr/lib/jvm/java-17-openjdk-amd64!/jdk.crypto.cryptoki" type="simple" />
            <root url="jrt:///usr/lib/jvm/java-17-openjdk-amd64!/jdk.crypto.ec" type="simple" />
            <root url="jrt:///usr/lib/jvm/java-17-openjdk-amd64!/jdk.dynalink" type="simple" />
            <root url="jrt:///usr/lib/jvm/java-17-openjdk-amd64!/jdk.editpad" type="simple" />
            <root url="jrt:///usr/lib/jvm/java-17-openjdk-amd64!/jdk.hotspot.agent" type="simple" />
            <root url="jrt:///usr/lib/jvm/java-17-openjdk-amd64!/jdk.httpserver" type="simple" />
            <root url="jrt:///usr/lib/jvm/java-17-openjdk-amd64!/jdk.incubator.foreign" type="simple" />
            <root url="jrt:///usr/lib/jvm/java-17-openjdk-amd64!/jdk.incubator.vector" type="simple" />
            <root url="jrt:///usr/lib/jvm/java-17-openjdk-amd64!/jdk.internal.ed" type="simple" />
            <root url="jrt:///usr/lib/jvm/java-17-openjdk-amd64!/jdk.internal.jvmstat" type="simple" />
            <root url="jrt:///usr/lib/jvm/java-17-openjdk-amd64!/jdk.internal.le" type="simple" />
            <root url="jrt:///usr/lib/jvm/java-17-openjdk-amd64!/jdk.internal.opt" type="simple" />
            <root url="jrt:///usr/lib/jvm/java-17-openjdk-amd64!/jdk.internal.vm.ci" type="simple" />
            <root url="jrt:///usr/lib/jvm/java-17-openjdk-amd64!/jdk.internal.vm.compiler" type="simple" />
            <root url="jrt:///usr/lib/jvm/java-17-openjdk-amd64!/jdk.internal.vm.compiler.management" type="simple" />
            <root url="jrt:///usr/lib/jvm/java-17-openjdk-amd64!/jdk.jartool" type="simple" />
            <root url="jrt:///usr/lib/jvm/java-17-openjdk-amd64!/jdk.javadoc" type="simple" />
            <root url="jrt:///usr/lib/jvm/java-17-openjdk-amd64!/jdk.jcmd" type="simple" />
            <root url="jrt:///usr/lib/jvm/java-17-openjdk-amd64!/jdk.jconsole" type="simple" />
            <root url="jrt:///usr/lib/jvm/java-17-openjdk-amd64!/jdk.jdeps" type="simple" />
            <root url="jrt:///usr/lib/jvm/java-17-openjdk-amd64!/jdk.jdi" type="simple" />
            <root url="jrt:///usr/lib/jvm/java-17-openjdk-amd64!/jdk.jdwp.agent" type="simple" />
            <root url="jrt:///usr/lib/jvm/java-17-openjdk-amd64!/jdk.jfr" type="simple" />
            <root url="jrt:///usr/lib/jvm/java-17-openjdk-amd64!/jdk.jlink" type="simple" />
            <root url="jrt:///usr/lib/jvm/java-17-openjdk-amd64!/jdk.jpackage" type="simple" />
            <root url="jrt:///usr/lib/jvm/java-17-openjdk-amd64!/jdk.jshell" type="simple" />
            <root url="jrt:///usr/lib/jvm/java-17-openjdk-amd64!/jdk.jsobject" type="simple" />
            <root url="jrt:///usr/lib/jvm/java-17-openjdk-amd64!/jdk.jstatd" type="simple" />
            <root url="jrt:///usr/lib/jvm/java-17-openjdk-amd64!/jdk.localedata" type="simple" />
            <root url="jrt:///usr/lib/jvm/java-17-openjdk-amd64!/jdk.management" type="simple" />
            <root url="jrt:///usr/lib/jvm/java-17-openjdk-amd64!/jdk.management.agent" type="simple" />
            <root url="jrt:///usr/lib/jvm/java-17-openjdk-amd64!/jdk.management.jfr" type="simple" />
            <root url="jrt:///usr/lib/jvm/java-17-openjdk-amd64!/jdk.naming.dns" type="simple" />
            <root url="jrt:///usr/lib/jvm/java-17-openjdk-amd64!/jdk.naming.rmi" type="simple" />
            <root url="jrt:///usr/lib/jvm/java-17-openjdk-amd64!/jdk.net" type="simple" />
            <root url="jrt:///usr/lib/jvm/java-17-openjdk-amd64!/jdk.nio.mapmode" type="simple" />
            <root url="jrt:///usr/lib/jvm/java-17-openjdk-amd64!/jdk.random" type="simple" />
            <root url="jrt:///usr/lib/jvm/java-17-openjdk-amd64!/jdk.sctp" type="simple" />
            <root url="jrt:///usr/lib/jvm/java-17-openjdk-amd64!/jdk.security.auth" type="simple" />
            <root url="jrt:///usr/lib/jvm/java-17-openjdk-amd64!/jdk.security.jgss" type="simple" />
            <root url="jrt:///usr/lib/jvm/java-17-openjdk-amd64!/jdk.unsupported" type="simple" />
            <root url="jrt:///usr/lib/jvm/java-17-openjdk-amd64!/jdk.unsupported.desktop" type="simple" />
            <root url="jrt:///usr/lib/jvm/java-17-openjdk-amd64!/jdk.xml.dom" type="simple" />
            <root url="jrt:///usr/lib/jvm/java-17-openjdk-amd64!/jdk.zipfs" type="simple" />
          </root>
        </classPath>
        <javadocPath>
          <root type="composite">
            <root url="https://docs.oracle.com/en/java/javase/17/docs/api/" type="simple" />
          </root>
        </javadocPath>
        <sourcePath>
          <root type="composite" />
        </sourcePath>
      </roots>
      <additional />
    </jdk>
  </component>
</application>