<keymap version="1" name="Windows copy" parent="$default">
  <action id="ActivateProjectToolWindow">
    <keyboard-shortcut first-keystroke="alt 1" />
    <keyboard-shortcut first-keystroke="ctrl e" />
  </action>
  <action id="ActivateTerminalToolWindow">
    <keyboard-shortcut first-keystroke="alt f12" />
    <keyboard-shortcut first-keystroke="ctrl enter" />
  </action>
  <action id="Android.Designer.AutoArrange" />
  <action id="Back">
    <keyboard-shortcut first-keystroke="ctrl alt left" />
    <mouse-shortcut keystroke="button4" />
    <keyboard-shortcut first-keystroke="ctrl o" />
  </action>
  <action id="CallHierarchy" />
  <action id="ChangesView.SetDefault" />
  <action id="ChangesView.ToggleCommitUi" />
  <action id="CheckinProject" />
  <action id="ClickLink">
    <keyboard-shortcut first-keystroke="ctrl b" />
    <mouse-shortcut keystroke="control button1" />
    <mouse-shortcut keystroke="button2" />
  </action>
  <action id="CloseActiveTab">
    <keyboard-shortcut first-keystroke="shift ctrl f4" />
    <keyboard-shortcut first-keystroke="ctrl q" />
  </action>
  <action id="CloseContent">
    <keyboard-shortcut first-keystroke="ctrl f4" />
    <keyboard-shortcut first-keystroke="ctrl q" />
  </action>
  <action id="CodeCompletion" />
  <action id="CollapseBlock" />
  <action id="CollapseSelection" />
  <action id="CompareTwoFiles" />
  <action id="Console.Execute.Multiline" />
  <action id="Console.SplitLine" />
  <action id="Diff.ShowDiff" />
  <action id="DirDiffMenu.SynchronizeDiff.All" />
  <action id="EditorChooseLookupItemDot" />
  <action id="EditorCodeBlockStart" />
  <action id="EditorCompleteStatement" />
  <action id="EditorDown">
    <keyboard-shortcut first-keystroke="down" />
    <keyboard-shortcut first-keystroke="ctrl j" />
  </action>
  <action id="EditorDuplicate" />
  <action id="EditorEscape">
    <keyboard-shortcut first-keystroke="escape" />
    <keyboard-shortcut first-keystroke="ctrl space" />
  </action>
  <action id="EditorLeft">
    <keyboard-shortcut first-keystroke="left" />
    <keyboard-shortcut first-keystroke="ctrl h" />
  </action>
  <action id="EditorRight">
    <keyboard-shortcut first-keystroke="right" />
    <keyboard-shortcut first-keystroke="ctrl l" />
  </action>
  <action id="EditorSelectWord" />
  <action id="EditorSplitLine" />
  <action id="EditorUnSelectWord" />
  <action id="EditorUp">
    <keyboard-shortcut first-keystroke="up" />
    <keyboard-shortcut first-keystroke="ctrl k" />
  </action>
  <action id="ExpressionTypeInfo" />
  <action id="ExternalSystem.ProjectRefreshAction" />
  <action id="FileChooser.GotoDesktop" />
  <action id="FileChooser.TogglePathBar" />
  <action id="Find">
    <keyboard-shortcut first-keystroke="alt f3" />
  </action>
  <action id="FindInPath">
    <keyboard-shortcut first-keystroke="shift ctrl f" />
    <keyboard-shortcut first-keystroke="ctrl d" />
  </action>
  <action id="FindNext">
    <keyboard-shortcut first-keystroke="f3" />
  </action>
  <action id="ForceOthersToFollowAction" />
  <action id="Forward">
    <keyboard-shortcut first-keystroke="ctrl alt right" />
    <mouse-shortcut keystroke="button5" />
    <keyboard-shortcut first-keystroke="ctrl i" />
  </action>
  <action id="Git.Commit.And.Push.Executor" />
  <action id="Git.Commit.Stage" />
  <action id="GotoAction">
    <keyboard-shortcut first-keystroke="shift ctrl a" />
    <keyboard-shortcut first-keystroke="shift ctrl r" />
  </action>
  <action id="GotoDeclaration">
    <keyboard-shortcut first-keystroke="ctrl b" />
    <mouse-shortcut keystroke="control button1" />
    <mouse-shortcut keystroke="button2" />
    <keyboard-shortcut first-keystroke="shift ctrl p" />
  </action>
  <action id="GotoFile">
    <keyboard-shortcut first-keystroke="shift ctrl n" />
    <keyboard-shortcut first-keystroke="ctrl f" />
  </action>
  <action id="GotoImplementation">
    <keyboard-shortcut first-keystroke="ctrl p" />
  </action>
  <action id="GuiDesigner.Duplicate" />
  <action id="GuiDesigner.GoToListener">
    <keyboard-shortcut first-keystroke="ctrl alt b" />
    <mouse-shortcut keystroke="control alt button1" />
  </action>
  <action id="GuiDesigner.QuickJavadoc">
    <mouse-shortcut keystroke="alt button2" />
  </action>
  <action id="GuiDesigner.ShrinkSelection" />
  <action id="Hg.Commit.And.Push.Executor" />
  <action id="HideActiveWindow">
    <keyboard-shortcut first-keystroke="shift escape" />
    <keyboard-shortcut first-keystroke="ctrl w" />
  </action>
  <action id="HideAllWindows">
    <keyboard-shortcut first-keystroke="shift ctrl f12" />
    <keyboard-shortcut first-keystroke="shift ctrl w" />
  </action>
  <action id="Images.Thumbnails.Hide">
    <keyboard-shortcut first-keystroke="ctrl f4" />
  </action>
  <action id="ImplementMethods" />
  <action id="InsertLiveTemplate" />
  <action id="KotlinShellExecute" />
  <action id="List-selectPreviousRow">
    <keyboard-shortcut first-keystroke="up" />
    <keyboard-shortcut first-keystroke="ctrl k" />
  </action>
  <action id="MaximizeToolWindow">
    <keyboard-shortcut first-keystroke="shift ctrl quote" />
    <keyboard-shortcut first-keystroke="ctrl alt k" />
    <keyboard-shortcut first-keystroke="ctrl alt j" />
  </action>
  <action id="NavBar-selectUp">
    <keyboard-shortcut first-keystroke="up" />
    <keyboard-shortcut first-keystroke="ctrl k" />
  </action>
  <action id="NextTab">
    <keyboard-shortcut first-keystroke="alt right" />
    <keyboard-shortcut first-keystroke="ctrl alt l" />
  </action>
  <action id="OverrideMethods" />
  <action id="ParameterInfo" />
  <action id="PopupMenu-selectPrevious">
    <keyboard-shortcut first-keystroke="up" />
    <keyboard-shortcut first-keystroke="ctrl k" />
  </action>
  <action id="PreviousTab">
    <keyboard-shortcut first-keystroke="alt left" />
    <keyboard-shortcut first-keystroke="ctrl alt h" />
  </action>
  <action id="ProblemsView.QuickFixes">
    <keyboard-shortcut first-keystroke="alt enter" />
    <keyboard-shortcut first-keystroke="ctrl period" />
  </action>
  <action id="QuickJavaDoc">
    <mouse-shortcut keystroke="alt button2" />
  </action>
  <action id="RecentFiles" />
  <action id="RecentLocations" />
  <action id="Refactorings.QuickListPopupAction">
    <keyboard-shortcut first-keystroke="shift ctrl alt t" />
    <keyboard-shortcut first-keystroke="shift ctrl period" />
  </action>
  <action id="ReformatCode" />
  <action id="RenameElement">
    <keyboard-shortcut first-keystroke="shift f6" />
    <keyboard-shortcut first-keystroke="f10" />
  </action>
  <action id="ReplaceInPath" />
  <action id="RunDashboard.CopyConfiguration" />
  <action id="SelectIn">
    <keyboard-shortcut first-keystroke="alt f1" />
    <keyboard-shortcut first-keystroke="shift ctrl e" />
  </action>
  <action id="SelectNextOccurrence" />
  <action id="SendEOF" />
  <action id="ShowBookmarks">
    <keyboard-shortcut first-keystroke="shift f11" />
    <keyboard-shortcut first-keystroke="ctrl open_bracket" />
  </action>
  <action id="ShowIntentionActions">
    <keyboard-shortcut first-keystroke="alt enter" />
    <keyboard-shortcut first-keystroke="ctrl period" />
  </action>
  <action id="ShowPopupMenu">
    <keyboard-shortcut first-keystroke="context_menu" />
    <keyboard-shortcut first-keystroke="shift ctrl alt period" />
  </action>
  <action id="ShowSettings">
    <keyboard-shortcut first-keystroke="ctrl alt s" />
    <keyboard-shortcut first-keystroke="shift ctrl s" />
  </action>
  <action id="SmartSelect" />
  <action id="SmartUnSelect" />
  <action id="SplitChooser.Duplicate" />
  <action id="SurroundWithLiveTemplate" />
  <action id="SwitcherIterateItems" />
  <action id="SwitcherRecentEditedChangedToggleCheckBox" />
  <action id="Table-selectPreviousRow">
    <keyboard-shortcut first-keystroke="up" />
    <keyboard-shortcut first-keystroke="ctrl k" />
  </action>
  <action id="Terminal.ClearBuffer" />
  <action id="Terminal.CloseTab">
    <keyboard-shortcut first-keystroke="ctrl f4" />
    <keyboard-shortcut first-keystroke="ctrl q" />
  </action>
  <action id="Terminal.NewTab">
    <keyboard-shortcut first-keystroke="shift ctrl t" />
    <keyboard-shortcut first-keystroke="shift ctrl enter" />
  </action>
  <action id="Terminal.SmartCommandExecution.Debug" />
  <action id="Terminal.SmartCommandExecution.Run" />
  <action id="Tree-selectPrevious">
    <keyboard-shortcut first-keystroke="up" />
    <keyboard-shortcut first-keystroke="ctrl k" />
  </action>
  <action id="TypeHierarchy" />
  <action id="TypeHierarchyBase.BaseOnThisType" />
  <action id="UnselectPreviousOccurrence" />
  <action id="UsageFiltering.Imports" />
  <action id="UsageFiltering.WriteAccess" />
  <action id="Vcs.Log.FocusTextFilter" />
  <action id="Vcs.Log.ShowTooltip">
    <mouse-shortcut keystroke="alt button2" />
  </action>
  <action id="ViewSource" />
  <action id="XDebugger.CopyWatch" />
  <action id="context.load" />
  <action id="org.intellij.plugins.markdown.ui.actions.styling.ToggleItalicAction" />
  <action id="org.intellij.plugins.markdown.ui.actions.styling.ToggleStrikethroughAction" />
</keymap>